"","DSS","TNF","TCT"
"ABC transporter disorders",1,1,1
"ABC transporters in lipid homeostasis",0,1,1
"ABC-family proteins mediated transport",1,1,1
"ADORA2B mediated anti-inflammatory cytokines production",0,1,0
"ADP signalling through P2Y purinoceptor 1",0,0,0
"AKT phosphorylates targets in the cytosol",0,0,0
"APC truncation mutants have impaired AXIN binding",1,1,0
"APC-Cdc20 mediated degradation of Nek2A",1,1,1
"APC/C-mediated degradation of cell cycle proteins",1,1,1
"APC/C:Cdc20 mediated degradation of Cyclin B",1,1,1
"APC/C:Cdc20 mediated degradation of Securin",1,1,1
"APC/C:Cdc20 mediated degradation of mitotic proteins",1,1,1
"APC/C:Cdh1 mediated degradation of Cdc20 and other APC/C:Cdh1 targeted proteins in late mitosis/early G1",1,1,1
"APC:Cdc20 mediated degradation of cell cycle proteins prior to satisfation of the cell cycle checkpoint",1,1,1
"ATF4 activates genes in response to endoplasmic reticulum  stress",1,1,1
"ATF6 (ATF6-alpha) activates chaperones",0,0,0
"AUF1 (hnRNP D0) binds and destabilizes mRNA",1,1,1
"AURKA Activation by TPX2",1,1,1
"AXIN missense mutants destabilize the destruction complex",1,1,0
"Aberrant regulation of mitotic G1/S transition in cancer due to RB1 defects",0,0,0
"Aberrant regulation of mitotic cell cycle due to RB1 defects",1,1,1
"Aberrant regulation of mitotic exit in cancer due to RB1 defects",1,1,1
"Abortive elongation of HIV-1 transcript in the absence of Tat",0,0,0
"Activated NOTCH1 Transmits Signal to the Nucleus",0,0,0
"Activation of AMPK downstream of NMDARs",0,0,0
"Activation of APC/C and APC/C:Cdc20 mediated degradation of mitotic proteins",1,1,1
"Activation of ATR in response to replication stress",1,1,1
"Activation of BAD and translocation to mitochondria ",0,0,0
"Activation of BH3-only proteins",0,0,0
"Activation of GABAB receptors",1,0,0
"Activation of HOX genes during differentiation",1,1,1
"Activation of IRF3, IRF7 mediated by TBK1, IKBKE",1,0,0
"Activation of Matrix Metalloproteinases",1,1,1
"Activation of NF-kappaB in B cells",1,1,1
"Activation of NMDA receptors and postsynaptic events",0,1,0
"Activation of anterior HOX genes in hindbrain development during early embryogenesis",1,1,1
"Activation of gene expression by SREBF (SREBP)",1,1,1
"Activation of kainate receptors upon glutamate binding",0,0,1
"Activation of the mRNA upon binding of the cap-binding complex and eIFs, and subsequent binding to 43S",1,1,1
"Activation of the pre-replicative complex",1,1,1
"Acyl chain remodelling of PC",0,0,1
"Acyl chain remodelling of PE",0,0,0
"Acyl chain remodelling of PS",0,0,0
"Adaptive Immune System",1,1,1
"Adherens junctions interactions",0,0,1
"Adrenaline,noradrenaline inhibits insulin secretion",0,0,0
"Aggrephagy",1,1,1
"Amino acid transport across the plasma membrane",0,0,0
"Amino acids regulate mTORC1",0,0,0
"Amplification  of signal from unattached  kinetochores via a MAD2  inhibitory signal",1,1,1
"Amplification of signal from the kinetochores",1,1,1
"Amyloid fiber formation",0,0,0
"Anchoring of the basal body to the plasma membrane",1,1,1
"Anti-inflammatory response favouring Leishmania parasite infection",1,1,1
"Antigen Presentation: Folding, assembly and peptide loading of class I MHC",1,0,1
"Antigen activates B Cell Receptor (BCR) leading to generation of second messengers",1,1,1
"Antigen processing-Cross presentation",1,1,1
"Antigen processing: Ubiquitination & Proteasome degradation",1,1,1
"Antimicrobial peptides",1,1,0
"Antiviral mechanism by IFN-stimulated genes",1,1,1
"Apoptosis",1,1,1
"Apoptotic cleavage of cellular proteins",1,0,0
"Apoptotic execution phase",1,0,1
"Apoptotic factor-mediated response",0,0,0
"Aquaporin-mediated transport",0,0,0
"Arachidonic acid metabolism",1,0,0
"Asparagine N-linked glycosylation",1,1,1
"Assembly Of The HIV Virion",1,1,0
"Assembly and cell surface presentation of NMDA receptors",0,0,0
"Assembly of collagen fibrils and other multimeric structures",1,1,1
"Assembly of the pre-replicative complex",1,1,1
"Association of TriC/CCT with target proteins during biosynthesis",0,0,0
"Asymmetric localization of PCP proteins",1,1,1
"Autodegradation of Cdh1 by Cdh1:APC/C",1,1,1
"Autodegradation of the E3 ubiquitin ligase COP1",1,1,1
"Autophagy",1,1,1
"Axon guidance",1,1,1
"Azathioprine ADME",0,0,0
"B-WICH complex positively regulates rRNA expression",0,0,0
"BBSome-mediated cargo-targeting to cilium",0,1,0
"BMAL1:CLOCK,NPAS2 activates circadian gene expression",0,0,1
"Bacterial Infection Pathways",1,1,1
"Base Excision Repair",1,1,1
"Base-Excision Repair, AP Site Formation",1,1,1
"Basigin interactions",1,1,1
"Beta-catenin independent WNT signaling",1,1,1
"Beta-catenin phosphorylation cascade",1,0,0
"Bile acid and bile salt metabolism",0,1,1
"Binding and Uptake of Ligands by Scavenger Receptors",1,1,1
"Biological oxidations",1,1,1
"Biosynthesis of the N-glycan precursor (dolichol lipid-linked oligosaccharide, LLO) and transfer to a nascent protein",0,1,1
"Branched-chain amino acid catabolism",0,0,0
"Budding and maturation of HIV virion",1,1,1
"Butyrate Response Factor 1 (BRF1) binds and destabilizes mRNA",0,0,0
"C-type lectin receptors (CLRs)",1,1,1
"CD209 (DC-SIGN) signaling",1,1,1
"CD28 co-stimulation",1,1,1
"CD28 dependent PI3K/Akt signaling",1,1,1
"CDC42 GTPase cycle",1,1,1
"CDK-mediated phosphorylation and removal of Cdc6",1,1,1
"CLEC7A (Dectin-1) signaling",1,1,1
"COPI-dependent Golgi-to-ER retrograde traffic",1,1,1
"COPI-independent Golgi-to-ER retrograde traffic",1,1,1
"COPI-mediated anterograde transport",1,1,1
"COPII-mediated vesicle transport",1,1,1
"CREB1 phosphorylation through NMDA receptor-mediated activation of RAS signaling",0,0,0
"CTLA4 inhibitory signaling",0,0,0
"CTNNB1 S33 mutants aren't phosphorylated",1,0,0
"CTNNB1 S37 mutants aren't phosphorylated",1,0,0
"CTNNB1 S45 mutants aren't phosphorylated",1,0,0
"CTNNB1 T41 mutants aren't phosphorylated",1,0,0
"Ca-dependent events",0,0,0
"Ca2+ pathway",0,0,0
"CaM pathway",1,0,0
"Calmodulin induced events",1,0,0
"Calnexin/calreticulin cycle",1,1,0
"Cap-dependent Translation Initiation",1,1,1
"Carboxyterminal post-translational modifications of tubulin",0,0,0
"Cardiac conduction",0,0,0
"Cargo concentration in the ER",1,1,1
"Cargo recognition for clathrin-mediated endocytosis",0,0,0
"Cargo trafficking to the periciliary membrane",0,0,0
"Carnitine metabolism",1,1,1
"Caspase activation via Death Receptors in the presence of ligand",0,0,0
"Caspase activation via extrinsic apoptotic signalling pathway",0,0,0
"Cdc20:Phospho-APC/C mediated degradation of Cyclin A",1,1,1
"Cell Cycle",1,1,1
"Cell Cycle Checkpoints",1,1,1
"Cell Cycle, Mitotic",1,1,1
"Cell death signalling via NRAGE, NRIF and NADE",0,0,0
"Cell junction organization",1,1,1
"Cell recruitment (pro-inflammatory response)",0,0,0
"Cell surface interactions at the vascular wall",1,1,1
"Cell-Cell communication",1,1,1
"Cell-cell junction organization",1,1,1
"Cell-extracellular matrix interactions",1,0,1
"Cellular Senescence",1,1,1
"Cellular response to chemical stress",1,1,1
"Cellular response to heat stress",1,1,1
"Cellular response to hypoxia",1,1,1
"Cellular response to starvation",1,1,1
"Cellular responses to stress",1,1,1
"Centrosome maturation",1,1,1
"Chaperone Mediated Autophagy",1,1,1
"Chaperonin-mediated protein folding",1,1,1
"Chemokine receptors bind chemokines",1,1,1
"Chk1/Chk2(Cds1) mediated inactivation of Cyclin B:Cdk1 complex",1,1,1
"Cholesterol biosynthesis",1,1,1
"Chondroitin sulfate biosynthesis",1,1,1
"Chondroitin sulfate/dermatan sulfate metabolism",1,1,1
"Chromatin modifying enzymes",1,0,1
"Chromatin organization",1,0,1
"Chromosome Maintenance",1,1,1
"Cilium Assembly",1,1,1
"Circadian Clock",0,0,0
"Citric acid cycle (TCA cycle)",1,1,1
"Class A/1 (Rhodopsin-like receptors)",1,1,1
"Class B/2 (Secretin family receptors)",0,0,0
"Class I MHC mediated antigen processing & presentation",1,1,1
"Class I peroxisomal membrane protein import",0,0,0
"Clathrin-mediated endocytosis",1,0,0
"Cleavage of the damaged pyrimidine ",1,1,1
"Cobalamin (Cbl, vitamin B12) transport and metabolism",0,0,0
"Collagen biosynthesis and modifying enzymes",1,1,1
"Collagen chain trimerization",1,1,1
"Collagen degradation",1,1,1
"Collagen formation",1,1,1
"Complement cascade",1,1,1
"Complex I biogenesis",1,1,1
"Condensation of Prometaphase Chromosomes",1,1,1
"Condensation of Prophase Chromosomes",1,1,1
"Constitutive Signaling by AKT1 E17K in Cancer",0,0,0
"Constitutive Signaling by Aberrant PI3K in Cancer",1,1,1
"Constitutive Signaling by EGFRvIII",0,0,0
"Constitutive Signaling by Ligand-Responsive EGFR Cancer Variants",0,0,0
"Constitutive Signaling by NOTCH1 HD Domain Mutants",0,0,0
"Constitutive Signaling by NOTCH1 HD+PEST Domain Mutants",0,0,0
"Constitutive Signaling by NOTCH1 PEST Domain Mutants",0,0,0
"Conversion from APC/C:Cdc20 to APC/C:Cdh1 in late anaphase",1,1,1
"Cooperation of PDCL (PhLP1) and TRiC/CCT in G-protein beta folding",1,1,1
"Cooperation of Prefoldin and TriC/CCT  in actin and tubulin folding",1,1,1
"Costimulation by the CD28 family",1,1,1
"Cristae formation",1,1,1
"Cross-presentation of soluble exogenous antigens (endosomes)",1,1,1
"Cyclin A/B1/B2 associated events during G2/M transition",1,1,1
"Cyclin A:Cdk2-associated events at S phase entry",1,1,1
"Cyclin D associated events in G1",1,0,1
"Cyclin E associated events during G1/S transition ",1,1,1
"Cytochrome P450 - arranged by substrate type",1,1,1
"Cytochrome c-mediated apoptotic response",0,0,0
"Cytokine Signaling in Immune system",1,1,1
"Cytoprotection by HMOX1",1,1,1
"Cytosolic sensors of pathogen-associated DNA ",0,0,0
"Cytosolic sulfonation of small molecules",0,0,1
"DAG and IP3 signaling",1,0,0
"DAP12 interactions",1,1,1
"DAP12 signaling",1,1,1
"DARPP-32 events",0,0,0
"DDX58/IFIH1-mediated induction of interferon-alpha/beta",0,0,0
"DNA Damage Bypass",1,1,1
"DNA Damage Recognition in GG-NER",1,1,1
"DNA Damage/Telomere Stress Induced Senescence",0,1,1
"DNA Double Strand Break Response",1,0,0
"DNA Double-Strand Break Repair",1,1,1
"DNA Repair",1,1,1
"DNA Replication",1,1,1
"DNA Replication Pre-Initiation",1,1,1
"DNA strand elongation",1,1,1
"Deactivation of the beta-catenin transactivating complex",0,0,1
"Deadenylation of mRNA",0,0,0
"Deadenylation-dependent mRNA decay",1,1,1
"Death Receptor Signaling",0,0,1
"Dectin-1 mediated noncanonical NF-kB signaling",1,1,1
"Defective CFTR causes cystic fibrosis",1,1,1
"Defective HDR through Homologous Recombination Repair (HRR) due to PALB2 loss of BRCA1 binding function",1,1,1
"Defective HDR through Homologous Recombination Repair (HRR) due to PALB2 loss of BRCA2/RAD51/RAD51C binding function",1,1,1
"Defective Intrinsic Pathway for Apoptosis",0,0,0
"Defective TPR may confer susceptibility towards thyroid papillary carcinoma (TPC)",1,1,1
"Defective binding of RB1 mutants to E2F1,(E2F2, E2F3)",0,0,0
"Defective homologous recombination repair (HRR) due to BRCA1 loss of function",1,1,1
"Defective homologous recombination repair (HRR) due to BRCA2 loss of function",1,1,1
"Defective homologous recombination repair (HRR) due to PALB2 loss of function",1,1,1
"Defective pyroptosis",1,1,1
"Defects in cobalamin (B12) metabolism",0,0,0
"Defects in vitamin and cofactor metabolism",0,0,0
"Degradation of AXIN",1,1,1
"Degradation of DVL",1,1,1
"Degradation of GLI1 by the proteasome",1,1,1
"Degradation of GLI2 by the proteasome",1,1,1
"Degradation of beta-catenin by the destruction complex",1,1,1
"Degradation of the extracellular matrix",1,1,1
"Depolymerization of the Nuclear Lamina",0,1,1
"Deposition of new CENPA-containing nucleosomes at the centromere",1,1,1
"Depyrimidination",1,1,1
"Deregulated CDK5 triggers multiple neurodegenerative pathways in Alzheimer's disease models",0,0,0
"Detoxification of Reactive Oxygen Species",0,0,0
"Deubiquitination",1,1,1
"Developmental Biology",1,1,1
"Disassembly of the destruction complex and recruitment of AXIN to the membrane",1,0,0
"Diseases associated with N-glycosylation of proteins",0,0,0
"Diseases associated with O-glycosylation of proteins",1,0,0
"Diseases associated with glycosaminoglycan metabolism",0,0,0
"Diseases associated with glycosylation precursor biosynthesis",0,0,1
"Diseases associated with the TLR signaling cascade",1,1,1
"Diseases of DNA Double-Strand Break Repair",1,1,1
"Diseases of DNA repair",1,1,1
"Diseases of Immune System",1,1,1
"Diseases of carbohydrate metabolism",1,1,0
"Diseases of glycosylation",0,1,1
"Diseases of metabolism",1,1,1
"Diseases of mitotic cell cycle",1,1,1
"Diseases of programmed cell death",0,0,0
"Diseases of signal transduction by growth factor receptors and second messengers",1,1,1
"Disorders of transmembrane transporters",1,1,1
"Downregulation of ERBB2 signaling",1,0,0
"Downregulation of SMAD2/3:SMAD4 transcriptional activity",0,0,0
"Downregulation of TGF-beta receptor signaling",0,1,0
"Downstream TCR signaling",1,1,1
"Downstream signal transduction",0,0,1
"Downstream signaling events of B Cell Receptor (BCR)",1,1,1
"Drug ADME",1,1,1
"Dual Incision in GG-NER",1,1,1
"Dual incision in TC-NER",1,1,1
"E2F mediated regulation of DNA replication",1,1,1
"E3 ubiquitin ligases ubiquitinate target proteins",0,1,1
"ECM proteoglycans",1,1,1
"EGFR downregulation",1,0,0
"EGR2 and SOX10-mediated initiation of Schwann cell myelination",0,0,0
"EML4 and NUDC in mitotic spindle formation",1,1,1
"EPH-Ephrin signaling",1,1,1
"EPH-ephrin mediated repulsion of cells",1,1,0
"EPHA-mediated growth cone collapse",1,0,0
"EPHB-mediated forward signaling",1,1,1
"ER Quality Control Compartment (ERQC)",1,0,0
"ER to Golgi Anterograde Transport",1,1,1
"ER-Phagosome pathway",1,1,1
"ERCC6 (CSB) and EHMT2 (G9a) positively regulate rRNA expression",0,0,0
"ERK/MAPK targets",0,0,0
"ERKs are inactivated",0,0,0
"ESR-mediated signaling",0,1,1
"Early Phase of HIV Life Cycle",0,0,0
"Early SARS-CoV-2 Infection Events",0,0,0
"Effects of PIP2 hydrolysis",0,1,1
"Elastic fibre formation",1,1,1
"Endosomal Sorting Complex Required For Transport (ESCRT)",1,1,1
"Energy dependent regulation of mTOR by LKB1-AMPK",1,1,1
"Ephrin signaling",0,0,0
"Epigenetic regulation of gene expression",1,1,1
"Estrogen-dependent gene expression",0,1,1
"Estrogen-dependent nuclear events downstream of ESR-membrane signaling",0,0,0
"Eukaryotic Translation Elongation",1,1,1
"Eukaryotic Translation Initiation",1,1,1
"Eukaryotic Translation Termination",1,1,1
"Export of Viral Ribonucleoproteins from Nucleus",1,1,1
"Extension of Telomeres",1,1,1
"Extra-nuclear estrogen signaling",1,1,1
"Extracellular matrix organization",1,1,1
"FBXL7 down-regulates AURKA during mitotic entry and in early mitosis",1,1,1
"FCERI mediated Ca+2 mobilization",1,1,1
"FCERI mediated MAPK activation",1,1,1
"FCERI mediated NF-kB activation",1,1,1
"FCGR3A-mediated IL10 synthesis",0,0,0
"FCGR3A-mediated phagocytosis",1,1,1
"FGFR1 mutant receptor activation",0,0,1
"FGFR2 alternative splicing",0,0,0
"FGFR2 mutant receptor activation",0,0,0
"FLT3 Signaling",1,1,1
"FLT3 signaling in disease",1,0,0
"FOXO-mediated transcription",1,1,1
"FOXO-mediated transcription of cell cycle genes",1,0,0
"FOXO-mediated transcription of cell death genes",1,1,1
"FOXO-mediated transcription of oxidative stress, metabolic and neuronal genes",0,0,0
"Factors involved in megakaryocyte development and platelet production",1,1,1
"Fanconi Anemia Pathway",0,0,0
"Fatty acid metabolism",1,1,1
"Fatty acyl-CoA biosynthesis",1,1,1
"Fc epsilon receptor (FCERI) signaling",1,1,1
"Fcgamma receptor (FCGR) dependent phagocytosis",1,1,1
"Formation of Fibrin Clot (Clotting Cascade)",1,0,0
"Formation of HIV elongation complex in the absence of HIV Tat",0,1,1
"Formation of HIV-1 elongation complex containing HIV-1 Tat",0,1,1
"Formation of Incision Complex in GG-NER",1,1,1
"Formation of RNA Pol II elongation complex ",0,0,0
"Formation of TC-NER Pre-Incision Complex",1,1,1
"Formation of WDR5-containing histone-modifying complexes",0,1,0
"Formation of a pool of free 40S subunits",1,1,1
"Formation of the Early Elongation Complex",0,1,1
"Formation of the HIV-1 Early Elongation Complex",0,1,1
"Formation of the beta-catenin:TCF transactivating complex",1,1,1
"Formation of the cornified envelope",1,1,1
"Formation of the ternary complex, and subsequently, the 43S complex",1,1,1
"Formation of tubulin folding intermediates by CCT/TriC",1,1,1
"G alpha (12/13) signalling events",0,0,0
"G alpha (i) signalling events",1,1,1
"G alpha (q) signalling events",1,1,1
"G alpha (s) signalling events",1,1,1
"G alpha (z) signalling events",1,1,1
"G beta:gamma signalling through PI3Kgamma",1,0,0
"G-protein activation",0,0,0
"G-protein beta:gamma signalling",0,0,0
"G-protein mediated events",0,0,0
"G0 and Early G1",1,1,1
"G1 Phase",1,0,1
"G1/S DNA Damage Checkpoints",1,1,1
"G1/S Transition",1,1,1
"G1/S-Specific Transcription",1,1,1
"G2/M Checkpoints",1,1,1
"G2/M DNA damage checkpoint",1,1,1
"G2/M Transition",1,1,1
"GABA B receptor activation",1,0,0
"GABA receptor activation",1,0,0
"GLI3 is processed to GLI3R by the proteasome",1,1,1
"GPCR downstream signalling",1,1,1
"GPCR ligand binding",1,1,1
"GPER1 signaling",0,1,0
"GPVI-mediated activation cascade",1,1,1
"GSK3B and BTRC:CUL1-mediated-degradation of NFE2L2",1,1,1
"GTP hydrolysis and joining of the 60S ribosomal subunit",1,1,1
"Gamma carboxylation, hypusine formation and arylsulfatase activation",0,1,0
"Gap junction assembly",1,0,1
"Gap junction trafficking",0,1,0
"Gap junction trafficking and regulation",0,0,0
"Gap-filling DNA repair synthesis and ligation in GG-NER",1,1,1
"Gap-filling DNA repair synthesis and ligation in TC-NER",1,1,1
"Gastrin-CREB signalling pathway via PKC and MAPK",0,1,1
"Gastrulation",1,1,1
"Gene Silencing by RNA",1,1,1
"Gene and protein expression by JAK-STAT signaling after Interleukin-12 stimulation",1,1,1
"Generation of second messenger molecules",1,1,1
"Global Genome Nucleotide Excision Repair (GG-NER)",1,1,1
"Glucagon signaling in metabolic regulation",0,1,0
"Glucagon-like Peptide-1 (GLP1) regulates insulin secretion",0,0,0
"Glucagon-type ligand receptors",0,0,0
"Gluconeogenesis",1,1,1
"Glucose metabolism",1,1,1
"Glutamate binding, activation of AMPA receptors and synaptic plasticity",0,0,0
"Glutathione conjugation",1,1,1
"Glycerophospholipid biosynthesis",1,1,1
"Glycogen metabolism",1,1,1
"Glycogen storage diseases",1,1,1
"Glycolysis",1,1,1
"Glycosaminoglycan metabolism",1,1,1
"Glycosphingolipid metabolism",0,0,0
"Glyoxylate metabolism and glycine degradation",1,1,1
"Golgi Associated Vesicle Biogenesis",0,0,0
"Golgi Cisternae Pericentriolar Stack Reorganization",0,1,1
"Golgi-to-ER retrograde transport",1,1,1
"Growth hormone receptor signaling",0,0,0
"HATs acetylate histones",0,0,0
"HCMV Early Events",1,1,1
"HCMV Infection",1,1,1
"HCMV Late Events",1,1,1
"HDACs deacetylate histones",0,1,0
"HDMs demethylate histones",0,0,0
"HDR through Homologous Recombination (HRR)",1,1,1
"HDR through Homologous Recombination (HRR) or Single Strand Annealing (SSA)",1,1,1
"HDR through Single Strand Annealing (SSA)",1,1,1
"HIV Infection",1,1,1
"HIV Life Cycle",1,1,1
"HIV Transcription Elongation",0,1,1
"HIV Transcription Initiation",1,1,1
"HIV elongation arrest and recovery",0,0,0
"HS-GAG biosynthesis",0,0,0
"HSF1 activation",0,1,1
"HSF1-dependent transactivation",0,1,1
"HSP90 chaperone cycle for steroid hormone receptors (SHR) in the presence of ligand",1,1,1
"Hedgehog 'off' state",1,1,1
"Hedgehog 'on' state",1,1,1
"Hedgehog ligand biogenesis",1,1,1
"Heme signaling",1,1,0
"Hemostasis",1,1,1
"Heparan sulfate/heparin (HS-GAG) metabolism",0,0,0
"Hh mutants abrogate ligand secretion",1,1,1
"Hh mutants are degraded by ERAD",1,1,1
"Homologous DNA Pairing and Strand Exchange",1,1,1
"Homology Directed Repair",1,1,1
"Host Interactions of HIV factors",1,1,1
"Hyaluronan metabolism",0,0,0
"IGF1R signaling cascade",0,1,0
"IKK complex recruitment mediated by RIP1",0,0,0
"IRAK1 recruits IKK complex",0,0,0
"IRAK1 recruits IKK complex upon TLR7/8 or 9 stimulation",0,0,0
"IRAK4 deficiency (TLR2/4)",1,1,1
"IRE1alpha activates chaperones",1,1,1
"IRS-mediated signalling",0,0,0
"IRS-related events triggered by IGF1R",0,0,0
"ISG15 antiviral mechanism",1,1,1
"Immunoregulatory interactions between a Lymphoid and a non-Lymphoid cell",1,1,1
"Impaired BRCA2 binding to PALB2",1,1,1
"Impaired BRCA2 binding to RAD51",1,1,1
"Inactivation of APC/C via direct inhibition of the APC/C complex",1,1,1
"Inactivation of CSF3 (G-CSF) signaling",1,0,1
"Incretin synthesis, secretion, and inactivation",0,0,0
"Infection with Mycobacterium tuberculosis",0,1,0
"Inflammasomes",0,0,0
"Influenza Infection",1,1,1
"Influenza Viral RNA Transcription and Replication",1,1,1
"Inhibition of DNA recombination at telomere",0,1,1
"Inhibition of replication initiation of damaged DNA by RB1/E2F1",1,0,0
"Inhibition of the proteolytic activity of APC/C required for the onset of anaphase by mitotic spindle checkpoint components",1,1,1
"Initiation of Nuclear Envelope (NE) Reformation",1,1,1
"InlB-mediated entry of Listeria monocytogenes into host cell",1,0,0
"Inositol phosphate metabolism",1,1,1
"Insertion of tail-anchored proteins into the endoplasmic reticulum membrane",0,0,0
"Insulin processing",0,0,0
"Insulin receptor recycling",0,0,0
"Insulin receptor signalling cascade",0,1,0
"Integration of energy metabolism",0,0,0
"Integrin cell surface interactions",1,1,1
"Integrin signaling",1,1,1
"Interactions of Rev with host cellular proteins",1,1,1
"Interactions of Vpr with host cellular proteins",1,1,1
"Interconversion of nucleotide di- and triphosphates",0,0,0
"Interferon Signaling",1,1,1
"Interferon alpha/beta signaling",1,1,1
"Interferon gamma signaling",1,1,1
"Interleukin receptor SHC signaling",1,1,1
"Interleukin-1 family signaling",1,1,1
"Interleukin-1 signaling",1,1,1
"Interleukin-10 signaling",1,1,1
"Interleukin-12 family signaling",1,1,0
"Interleukin-12 signaling",1,1,1
"Interleukin-15 signaling",1,1,1
"Interleukin-17 signaling",1,0,0
"Interleukin-2 family signaling",1,1,1
"Interleukin-2 signaling",1,1,1
"Interleukin-20 family signaling",1,0,0
"Interleukin-3, Interleukin-5 and GM-CSF signaling",1,1,1
"Interleukin-37 signaling",0,0,0
"Interleukin-4 and Interleukin-13 signaling",1,1,1
"Interleukin-6 family signaling",1,1,1
"Interleukin-7 signaling",0,0,0
"Intra-Golgi and retrograde Golgi-to-ER traffic",1,1,1
"Intra-Golgi traffic",0,1,0
"Intracellular signaling by second messengers",1,1,1
"Intraflagellar transport",1,1,1
"Intrinsic Pathway for Apoptosis",0,0,0
"Ion channel transport",1,1,1
"Ion homeostasis",1,0,0
"Ion transport by P-type ATPases",1,1,1
"Iron uptake and transport",1,0,0
"JNK (c-Jun kinases) phosphorylation and  activation mediated by activated human TAK1",0,0,0
"KEAP1-NFE2L2 pathway",1,1,1
"KSRP (KHSRP) binds and destabilizes mRNA",0,0,0
"Keratan sulfate biosynthesis",0,0,1
"Keratan sulfate/keratin metabolism",0,1,0
"Keratinization",1,1,1
"Killing mechanisms",0,0,0
"Kinesins",0,0,1
"L13a-mediated translational silencing of Ceruloplasmin expression",1,1,1
"L1CAM interactions",0,0,0
"LDL clearance",0,0,0
"Lagging Strand Synthesis",1,1,1
"Laminin interactions",1,1,1
"Late Phase of HIV Life Cycle",1,1,1
"Late SARS-CoV-2 Infection Events",1,0,0
"Late endosomal microautophagy",1,1,1
"Leading Strand Synthesis",1,1,1
"Leishmania infection",1,1,1
"Leishmania parasite growth and survival",1,1,1
"Leishmania phagocytosis",1,1,1
"Listeria monocytogenes entry into host cells",1,0,0
"Loss of Nlp from mitotic centrosomes",1,1,1
"Loss of proteins required for interphase microtubule organization from the centrosome",1,1,1
"Lysosome Vesicle Biogenesis",0,1,1
"M Phase",1,1,1
"MAP kinase activation",1,1,0
"MAP2K and MAPK activation",0,0,0
"MAP3K8 (TPL2)-dependent MAPK1/3 activation",0,0,0
"MAPK family signaling cascades",1,1,1
"MAPK targets/ Nuclear events mediated by MAP kinases",1,1,0
"MAPK1/MAPK3 signaling",1,1,1
"MAPK6/MAPK4 signaling",1,1,1
"MET activates PTK2 signaling",1,1,1
"MET promotes cell motility",1,1,1
"MHC class II antigen presentation",1,0,0
"MTOR signalling",0,0,0
"Macroautophagy",1,1,1
"Major pathway of rRNA processing in the nucleolus and cytosol",1,1,1
"Maturation of nucleoprotein",1,0,0
"Maturation of spike protein",1,0,1
"Meiosis",1,1,1
"Meiotic recombination",1,1,1
"Meiotic synapsis",0,1,1
"Membrane Trafficking",1,1,1
"Membrane binding and targetting of GAG proteins",0,0,0
"Metabolic disorders of biological oxidation enzymes",0,0,0
"Metabolism of amino acids and derivatives",1,1,1
"Metabolism of carbohydrates",1,0,0
"Metabolism of cofactors",1,1,1
"Metabolism of fat-soluble vitamins",0,0,0
"Metabolism of lipids",1,1,1
"Metabolism of nitric oxide: NOS3 activation and regulation",0,0,0
"Metabolism of non-coding RNA",1,1,1
"Metabolism of nucleotides",1,1,0
"Metabolism of polyamines",1,1,1
"Metabolism of porphyrins",1,0,1
"Metabolism of steroid hormones",0,0,0
"Metabolism of steroids",1,1,1
"Metabolism of vitamins and cofactors",1,1,1
"Metabolism of water-soluble vitamins and cofactors",0,0,0
"Metal ion SLC transporters",0,0,0
"Metalloprotease DUBs",1,0,0
"MicroRNA (miRNA) biogenesis",1,1,1
"Miscellaneous transport and binding events",0,0,0
"Mismatch Repair",0,1,1
"Mismatch repair (MMR) directed by MSH2:MSH3 (MutSbeta)",0,1,1
"Mismatch repair (MMR) directed by MSH2:MSH6 (MutSalpha)",1,1,1
"Mitochondrial Fatty Acid Beta-Oxidation",1,1,1
"Mitochondrial biogenesis",0,0,0
"Mitochondrial calcium ion transport",1,1,1
"Mitochondrial iron-sulfur cluster biogenesis",0,0,0
"Mitochondrial protein import",1,1,1
"Mitochondrial tRNA aminoacylation",0,0,0
"Mitochondrial translation",1,1,1
"Mitochondrial translation elongation",1,1,1
"Mitochondrial translation initiation",1,1,1
"Mitochondrial translation termination",1,1,1
"Mitophagy",1,0,0
"Mitotic Anaphase",1,1,1
"Mitotic G1 phase and G1/S transition",1,1,1
"Mitotic G2-G2/M phases",1,1,1
"Mitotic Metaphase and Anaphase",1,1,1
"Mitotic Prometaphase",1,1,1
"Mitotic Prophase",1,1,1
"Mitotic Spindle Checkpoint",1,1,1
"Mitotic Telophase/Cytokinesis",1,1,1
"Molecules associated with elastic fibres",1,1,1
"Muscle contraction",0,0,0
"MyD88 cascade initiated on plasma membrane",1,1,0
"MyD88 deficiency (TLR2/4)",1,1,1
"MyD88 dependent cascade initiated on endosome",0,1,0
"MyD88-independent TLR4 cascade ",0,1,1
"MyD88:MAL(TIRAP) cascade initiated on plasma membrane",1,1,1
"Myogenesis",0,1,1
"N-glycan antennae elongation in the medial/trans-Golgi",0,0,0
"N-glycan trimming in the ER and Calnexin/Calreticulin cycle",1,1,1
"NCAM signaling for neurite out-growth",1,1,1
"NCAM1 interactions",1,1,1
"NEP/NS2 Interacts with the Cellular Export Machinery",1,1,1
"NF-kB is activated and signals survival",0,1,0
"NFE2L2 regulating anti-oxidant/detoxification enzymes",1,0,0
"NGF-stimulated transcription",0,1,1
"NIK-->noncanonical NF-kB signaling",1,1,1
"NOD1/2 Signaling Pathway",0,0,0
"NOTCH1 Intracellular Domain Regulates Transcription",0,0,0
"NOTCH2 Activation and Transmission of Signal to the Nucleus",0,0,0
"NOTCH3 Activation and Transmission of Signal to the Nucleus",0,0,0
"NOTCH3 Intracellular Domain Regulates Transcription",0,0,0
"NOTCH4 Intracellular Domain Regulates Transcription",1,0,0
"NPAS4 regulates expression of target genes",0,0,0
"NR1H2 and NR1H3-mediated signaling",1,1,1
"NR1H3 & NR1H2 regulate gene expression linked to cholesterol transport and efflux",0,1,0
"NRAGE signals death through JNK",0,0,0
"NRIF signals cell death from the nucleus",0,0,0
"NS1 Mediated Effects on Host Pathways",1,1,1
"Neddylation",1,1,1
"Nef-mediates down modulation of cell surface receptors by recruiting them to clathrin adapters",1,0,0
"Negative epigenetic regulation of rRNA expression",1,1,1
"Negative regulation of FGFR1 signaling",1,0,0
"Negative regulation of FGFR2 signaling",1,0,0
"Negative regulation of FGFR3 signaling",1,0,0
"Negative regulation of FGFR4 signaling",1,0,0
"Negative regulation of MAPK pathway",1,1,1
"Negative regulation of MET activity",0,0,0
"Negative regulation of NOTCH4 signaling",1,1,1
"Negative regulation of the PI3K/AKT network",1,1,1
"Negative regulators of DDX58/IFIH1 signaling",0,0,0
"Nephrin family interactions",0,1,1
"Nervous system development",1,1,1
"Netrin-1 signaling",0,0,0
"Neurexins and neuroligins",1,0,0
"Neurodegenerative Diseases",0,0,0
"Neuronal System",1,1,1
"Neurotransmitter receptors and postsynaptic signal transmission",0,0,1
"Neurotransmitter release cycle",0,0,0
"Neutrophil degranulation",1,1,1
"Nicotinamide salvaging",0,0,0
"Nicotinate metabolism",0,0,0
"NoRC negatively regulates rRNA expression",1,1,1
"Non-integrin membrane-ECM interactions",1,1,1
"Nonhomologous End-Joining (NHEJ)",1,1,1
"Nonsense Mediated Decay (NMD) enhanced by the Exon Junction Complex (EJC)",1,1,1
"Nonsense Mediated Decay (NMD) independent of the Exon Junction Complex (EJC)",1,1,1
"Nonsense-Mediated Decay (NMD)",1,1,1
"Notch-HLH transcription pathway",0,0,0
"Nuclear Envelope (NE) Reassembly",1,1,1
"Nuclear Envelope Breakdown",1,1,1
"Nuclear Events (kinase and transcription factor activation)",1,1,1
"Nuclear Pore Complex (NPC) Disassembly",1,1,1
"Nuclear Receptor transcription pathway",1,0,0
"Nuclear events mediated by NFE2L2",1,1,1
"Nuclear events stimulated by ALK signaling in cancer",0,0,0
"Nuclear import of Rev protein",1,1,1
"Nuclear signaling by ERBB4",0,0,0
"Nucleosome assembly",1,1,1
"Nucleotide Excision Repair",1,1,1
"Nucleotide biosynthesis",1,1,1
"Nucleotide catabolism",0,0,0
"Nucleotide salvage",0,0,0
"Nucleotide-binding domain, leucine rich repeat containing receptor (NLR) signaling pathways",0,0,0
"O-linked glycosylation",1,1,1
"O-linked glycosylation of mucins",1,1,1
"Oncogene Induced Senescence",0,0,0
"Oncogenic MAPK signaling",0,0,0
"Opioid Signalling",0,0,0
"Orc1 removal from chromatin",1,1,1
"Organelle biogenesis and maintenance",1,1,1
"Other interleukin signaling",0,0,0
"Ovarian tumor domain proteases",0,0,0
"Oxidative Stress Induced Senescence",0,0,0
"Oxygen-dependent proline hydroxylation of Hypoxia-inducible Factor Alpha",1,1,1
"PCNA-Dependent Long Patch Base Excision Repair",1,1,1
"PCP/CE pathway",1,1,1
"PD-1 signaling",1,1,1
"PERK regulates gene expression",1,1,1
"PI Metabolism",0,0,0
"PI3K Cascade",0,0,0
"PI3K/AKT Signaling in Cancer",1,1,1
"PI5P, PP2A and IER3 Regulate PI3K/AKT Signaling",1,1,0
"PINK1-PRKN Mediated Mitophagy",0,0,1
"PIP3 activates AKT signaling",1,1,1
"PIWI-interacting RNA (piRNA) biogenesis",0,0,0
"PKA activation",0,0,0
"PKA activation in glucagon signalling",0,0,0
"PKA-mediated phosphorylation of CREB",1,0,0
"PKMTs methylate histone lysines",0,0,0
"PLC beta mediated events",1,0,0
"PPARA activates gene expression",0,1,0
"PRC2 methylates histones and DNA",1,1,1
"PTEN Regulation",1,1,1
"PTK6 Regulates RHO GTPases, RAS GTPase and MAP kinases",0,1,1
"Paracetamol ADME",1,1,1
"Paradoxical activation of RAF signaling by kinase inactive BRAF",0,0,0
"Parasite infection",1,1,1
"Parasitic Infection Pathways",1,1,1
"Pausing and recovery of HIV elongation",0,0,0
"Pausing and recovery of Tat-mediated HIV elongation",0,0,0
"Pentose phosphate pathway",0,0,0
"Peptide chain elongation",1,1,1
"Peptide hormone metabolism",0,0,0
"Peptide ligand-binding receptors",1,1,1
"Peroxisomal lipid metabolism",1,1,1
"Peroxisomal protein import",1,1,1
"Phase I - Functionalization of compounds",1,1,1
"Phase II - Conjugation of compounds",1,1,1
"Phospholipid metabolism",1,1,1
"Phosphorylation of CD3 and TCR zeta chains",1,1,1
"Phosphorylation of the APC/C",1,1,1
"Plasma lipoprotein assembly, remodeling, and clearance",0,0,0
"Plasma lipoprotein clearance",1,0,0
"Plasma lipoprotein remodeling",0,0,0
"Platelet Aggregation (Plug Formation)",1,1,1
"Platelet activation, signaling and aggregation",1,1,1
"Platelet calcium homeostasis",0,0,0
"Platelet degranulation ",1,1,1
"Platelet homeostasis",1,1,1
"Platelet sensitization by LDL",0,0,0
"Polo-like kinase mediated events",0,1,1
"Polymerase switching",1,1,1
"Polymerase switching on the C-strand of the telomere",1,1,1
"Positive epigenetic regulation of rRNA expression",0,0,0
"Post NMDA receptor activation events",0,0,0
"Post-chaperonin tubulin folding pathway",0,0,0
"Post-translational modification: synthesis of GPI-anchored proteins",0,0,1
"Post-translational protein phosphorylation",1,1,1
"Postmitotic nuclear pore complex (NPC) reformation",1,1,1
"Potassium Channels",0,1,0
"Potential therapeutics for SARS",0,1,1
"Pre-NOTCH Expression and Processing",0,0,0
"Pre-NOTCH Processing in Golgi",0,0,0
"Pre-NOTCH Transcription and Translation",0,0,0
"Prefoldin mediated transfer of substrate  to CCT/TriC",1,1,1
"Presynaptic phase of homologous DNA pairing and strand exchange",1,1,1
"Processing of Capped Intron-Containing Pre-mRNA",1,1,1
"Processing of Capped Intronless Pre-mRNA",1,1,1
"Processing of DNA double-strand break ends",1,1,1
"Processing of Intronless Pre-mRNAs",0,0,1
"Processing of SMDT1",1,1,0
"Processive synthesis on the C-strand of the telomere",1,1,1
"Processive synthesis on the lagging strand",1,1,1
"Programmed Cell Death",1,1,1
"Protein folding",1,1,1
"Protein localization",1,1,1
"Protein methylation",0,0,0
"Protein ubiquitination",1,1,1
"Protein-protein interactions at synapses",1,1,1
"Purine catabolism",1,1,1
"Purine salvage",0,0,0
"Purinergic signaling in leishmaniasis infection",0,0,0
"Pyroptosis",1,0,0
"Pyruvate metabolism",1,1,1
"Pyruvate metabolism and Citric Acid (TCA) cycle",1,1,1
"RAB GEFs exchange GTP for GDP on RABs",0,0,0
"RAB geranylgeranylation",0,0,0
"RAC1 GTPase cycle",1,1,1
"RAC2 GTPase cycle",0,1,1
"RAC3 GTPase cycle",0,1,1
"RAF activation",0,1,1
"RAF-independent MAPK1/3 activation",1,1,1
"RAF/MAP kinase cascade",1,1,1
"RAS processing",1,1,0
"RET signaling",1,1,1
"RHO GTPase Effectors",1,1,1
"RHO GTPase cycle",0,1,1
"RHO GTPases Activate Formins",1,1,1
"RHO GTPases Activate NADPH Oxidases",1,1,1
"RHO GTPases Activate ROCKs",0,0,0
"RHO GTPases Activate WASPs and WAVEs",1,1,1
"RHO GTPases activate CIT",1,1,1
"RHO GTPases activate IQGAPs",0,0,0
"RHO GTPases activate PAKs",0,0,0
"RHO GTPases activate PKNs",1,0,1
"RHOA GTPase cycle",0,0,0
"RHOB GTPase cycle",1,1,1
"RHOBTB GTPase Cycle",0,0,1
"RHOBTB1 GTPase cycle",0,1,1
"RHOBTB2 GTPase cycle",0,1,1
"RHOC GTPase cycle",0,0,0
"RHOD GTPase cycle",0,0,0
"RHOF GTPase cycle",0,0,0
"RHOG GTPase cycle",0,0,0
"RHOH GTPase cycle",0,0,0
"RHOJ GTPase cycle",0,1,0
"RHOQ GTPase cycle",1,1,1
"RHOU GTPase cycle",0,0,0
"RHOV GTPase cycle",1,1,1
"RIP-mediated NFkB activation via ZBP1",0,1,1
"RIPK1-mediated regulated necrosis",0,1,0
"RMTs methylate histone arginines",0,0,0
"RNA Pol II CTD phosphorylation and interaction with CE",0,0,1
"RNA Pol II CTD phosphorylation and interaction with CE during HIV infection",0,0,1
"RNA Polymerase I Promoter Clearance",0,0,0
"RNA Polymerase I Promoter Escape",0,0,0
"RNA Polymerase I Transcription",0,0,0
"RNA Polymerase I Transcription Initiation",0,0,0
"RNA Polymerase I Transcription Termination",0,0,0
"RNA Polymerase II HIV Promoter Escape",1,1,1
"RNA Polymerase II Pre-transcription Events",0,1,1
"RNA Polymerase II Promoter Escape",1,1,1
"RNA Polymerase II Transcription Elongation",0,0,0
"RNA Polymerase II Transcription Initiation",1,1,1
"RNA Polymerase II Transcription Initiation And Promoter Clearance",1,1,1
"RNA Polymerase II Transcription Pre-Initiation And Promoter Opening",1,1,1
"RNA Polymerase II Transcription Termination",1,1,1
"RNA Polymerase III Abortive And Retractive Initiation",0,0,0
"RNA Polymerase III Chain Elongation",0,0,0
"RNA Polymerase III Transcription",0,0,0
"RNA Polymerase III Transcription Initiation",0,0,0
"RNA Polymerase III Transcription Initiation From Type 1 Promoter",0,0,0
"RNA Polymerase III Transcription Initiation From Type 2 Promoter",0,0,0
"RNA Polymerase III Transcription Initiation From Type 3 Promoter",0,0,0
"RNA Polymerase III Transcription Termination",0,0,0
"RNA polymerase II transcribes snRNA genes",0,1,1
"RND1 GTPase cycle",0,0,0
"RND2 GTPase cycle",0,0,0
"RND3 GTPase cycle",0,0,0
"RORA activates gene expression",0,1,0
"ROS and RNS production in phagocytes",0,0,0
"RUNX1 interacts with co-factors whose precise effect on RUNX1 targets is not known",0,0,0
"RUNX1 regulates genes involved in megakaryocyte differentiation and platelet function",0,0,0
"RUNX1 regulates transcription of genes involved in differentiation of HSCs",1,1,1
"RUNX2 regulates bone development",1,1,0
"RUNX2 regulates osteoblast differentiation",0,0,0
"Rab regulation of trafficking",0,0,0
"Recognition and association of DNA glycosylase with site containing an affected pyrimidine",1,1,1
"Recognition of DNA damage by PCNA-containing replication complex",1,1,1
"Recruitment and ATM-mediated phosphorylation of repair and signaling proteins at DNA double strand breaks",0,0,0
"Recruitment of NuMA to mitotic centrosomes",1,1,1
"Recruitment of mitotic centrosome proteins and complexes",1,1,1
"Recycling pathway of L1",0,0,0
"Regulated Necrosis",1,1,1
"Regulation of APC/C activators between G1/S and early anaphase",1,1,1
"Regulation of Apoptosis",1,1,1
"Regulation of Complement cascade",1,1,1
"Regulation of FOXO transcriptional activity by acetylation",1,1,0
"Regulation of FZD by ubiquitination",0,0,0
"Regulation of Glucokinase by Glucokinase Regulatory Protein",1,1,1
"Regulation of HSF1-mediated heat shock response",1,1,1
"Regulation of IFNA/IFNB signaling",1,1,1
"Regulation of Insulin-like Growth Factor (IGF) transport and uptake by Insulin-like Growth Factor Binding Proteins (IGFBPs)",1,1,1
"Regulation of MECP2 expression and activity",1,0,0
"Regulation of NF-kappa B signaling",0,0,0
"Regulation of PLK1 Activity at G2/M Transition",1,1,1
"Regulation of PTEN gene transcription",0,0,0
"Regulation of PTEN stability and activity",1,1,1
"Regulation of RAS by GAPs",1,1,1
"Regulation of RUNX2 expression and activity",1,1,1
"Regulation of RUNX3 expression and activity",1,1,1
"Regulation of TNFR1 signaling",0,1,0
"Regulation of TP53 Activity",1,1,1
"Regulation of TP53 Activity through Acetylation",0,1,1
"Regulation of TP53 Activity through Methylation",0,0,1
"Regulation of TP53 Activity through Phosphorylation",1,1,1
"Regulation of TP53 Degradation",0,1,1
"Regulation of TP53 Expression and Degradation",1,1,1
"Regulation of actin dynamics for phagocytic cup formation",1,1,0
"Regulation of activated PAK-2p34 by proteasome mediated degradation",1,1,1
"Regulation of beta-cell development",0,0,0
"Regulation of cholesterol biosynthesis by SREBP (SREBF)",1,1,1
"Regulation of expression of SLITs and ROBOs",1,1,1
"Regulation of innate immune responses to cytosolic DNA",0,1,0
"Regulation of insulin secretion",0,0,0
"Regulation of lipid metabolism by PPARalpha",0,1,0
"Regulation of localization of FOXO transcription factors",0,0,0
"Regulation of mRNA stability by proteins that bind AU-rich elements",1,1,1
"Regulation of mitotic cell cycle",1,1,1
"Regulation of necroptotic cell death",0,1,0
"Regulation of ornithine decarboxylase (ODC)",1,1,1
"Regulation of pyruvate dehydrogenase (PDH) complex",1,1,0
"Regulation of signaling by CBL",0,0,0
"Removal of the Flap Intermediate",1,1,1
"Removal of the Flap Intermediate from the C-strand",0,1,1
"Reproduction",1,1,1
"Resolution of AP sites via the multiple-nucleotide patch replacement pathway",1,1,1
"Resolution of Abasic Sites (AP sites)",1,1,1
"Resolution of D-Loop Structures",1,1,0
"Resolution of D-loop Structures through Holliday Junction Intermediates",1,1,0
"Resolution of D-loop Structures through Synthesis-Dependent Strand Annealing (SDSA)",1,1,1
"Resolution of Sister Chromatid Cohesion",1,1,1
"Respiratory electron transport",1,1,1
"Respiratory electron transport, ATP synthesis by chemiosmotic coupling, and heat production by uncoupling proteins.",1,1,1
"Response of EIF2AK1 (HRI) to heme deficiency",0,0,0
"Response of EIF2AK4 (GCN2) to amino acid deficiency",1,1,1
"Response of Mtb to phagocytosis",0,1,0
"Response to elevated platelet cytosolic Ca2+",1,1,1
"Response to metal ions",1,1,1
"Retinoid metabolism and transport",0,0,0
"Retrograde transport at the Trans-Golgi-Network",1,1,1
"Rev-mediated nuclear export of HIV RNA",1,1,1
"Ribosomal scanning and start codon recognition",1,1,1
"Role of LAT2/NTAL/LAB on calcium mobilization",0,0,0
"Role of phospholipids in phagocytosis",0,0,1
"S Phase",1,1,1
"SARS-CoV Infections",1,1,1
"SARS-CoV-1 Infection",1,1,1
"SARS-CoV-1 activates/modulates innate immune responses",1,1,1
"SARS-CoV-1 modulates host translation machinery",1,1,1
"SARS-CoV-1 targets host intracellular signalling and regulatory pathways",1,0,0
"SARS-CoV-1-host interactions",1,1,1
"SARS-CoV-2 Infection",1,1,1
"SARS-CoV-2 activates/modulates innate and adaptive immune responses",1,1,1
"SARS-CoV-2 modulates host translation machinery",1,1,1
"SARS-CoV-2 targets host intracellular signalling and regulatory pathways",1,0,0
"SARS-CoV-2-host interactions",1,1,1
"SCF(Skp2)-mediated degradation of p27/p21",1,1,1
"SCF-beta-TrCP mediated degradation of Emi1",1,1,1
"SLC transporter disorders",0,0,0
"SLC-mediated transmembrane transport",1,1,1
"SMAD2/SMAD3:SMAD4 heterotrimer regulates transcription",0,0,0
"SRP-dependent cotranslational protein targeting to membrane",1,1,1
"STAT3 nuclear events downstream of ALK signaling",0,0,0
"STING mediated induction of host immune responses",0,0,0
"SUMO E3 ligases SUMOylate target proteins",1,1,1
"SUMOylation",1,1,1
"SUMOylation of DNA damage response and repair proteins",1,1,1
"SUMOylation of DNA replication proteins",1,1,1
"SUMOylation of RNA binding proteins",1,1,1
"SUMOylation of SUMOylation proteins",1,1,1
"SUMOylation of chromatin organization proteins",1,1,1
"SUMOylation of immune response proteins",0,0,0
"SUMOylation of intracellular receptors",0,1,1
"SUMOylation of transcription cofactors",0,0,0
"SUMOylation of ubiquitinylation proteins",1,1,1
"Scavenging by Class A Receptors",1,1,1
"Sealing of the nuclear envelope (NE) by ESCRT-III",0,0,0
"Selective autophagy",1,1,1
"Selenoamino acid metabolism",1,1,1
"Selenocysteine synthesis",1,1,1
"Sema4D in semaphorin signaling",0,0,0
"Sema4D induced cell migration and growth-cone collapse",0,0,0
"Semaphorin interactions",0,0,0
"Senescence-Associated Secretory Phenotype (SASP)",1,1,1
"Sensory Perception",1,1,1
"Sensory processing of sound",1,1,1
"Sensory processing of sound by inner hair cells of the cochlea",1,1,1
"Sensory processing of sound by outer hair cells of the cochlea",1,1,1
"Separation of Sister Chromatids",1,1,1
"Sialic acid metabolism",0,0,0
"Signal amplification",1,1,1
"Signal transduction by L1",0,0,0
"Signaling by ALK",1,1,0
"Signaling by ALK fusions and activated point mutants",0,0,0
"Signaling by ALK in cancer",0,0,0
"Signaling by AMER1 mutants",1,1,0
"Signaling by APC mutants",1,1,0
"Signaling by AXIN mutants",1,1,0
"Signaling by BMP",1,0,0
"Signaling by BRAF and RAF1 fusions",0,0,0
"Signaling by CSF1 (M-CSF) in myeloid cells",0,0,0
"Signaling by CSF3 (G-CSF)",1,1,1
"Signaling by CTNNB1 phospho-site mutants",1,0,0
"Signaling by EGFR",0,0,0
"Signaling by EGFR in Cancer",0,0,0
"Signaling by EGFRvIII in Cancer",0,0,0
"Signaling by ERBB2",0,0,0
"Signaling by ERBB2 ECD mutants",0,0,0
"Signaling by ERBB2 KD Mutants",0,0,0
"Signaling by ERBB2 TMD/JMD mutants",0,0,0
"Signaling by ERBB2 in Cancer",0,0,0
"Signaling by ERBB4",1,1,0
"Signaling by Erythropoietin",1,1,0
"Signaling by FGFR",0,0,0
"Signaling by FGFR in disease",0,0,0
"Signaling by FGFR1",0,0,0
"Signaling by FGFR1 in disease",1,1,1
"Signaling by FGFR2",0,0,0
"Signaling by FGFR2 IIIa TM",0,0,0
"Signaling by FGFR2 in disease",0,0,0
"Signaling by FGFR3",0,0,0
"Signaling by FGFR4",0,0,0
"Signaling by FLT3 ITD and TKD mutants",1,0,0
"Signaling by FLT3 fusion proteins",0,0,0
"Signaling by GPCR",1,1,1
"Signaling by GSK3beta mutants",1,0,0
"Signaling by Hedgehog",1,1,1
"Signaling by Hippo",1,0,0
"Signaling by Insulin receptor",0,0,0
"Signaling by Interleukins",1,1,1
"Signaling by KIT in disease",0,0,0
"Signaling by Ligand-Responsive EGFR Variants in Cancer",0,0,0
"Signaling by MET",1,1,1
"Signaling by NODAL",0,0,0
"Signaling by NOTCH",1,1,1
"Signaling by NOTCH1",0,0,0
"Signaling by NOTCH1 HD Domain Mutants in Cancer",0,0,0
"Signaling by NOTCH1 HD+PEST Domain Mutants in Cancer",0,0,0
"Signaling by NOTCH1 PEST Domain Mutants in Cancer",0,0,0
"Signaling by NOTCH1 in Cancer",0,0,0
"Signaling by NOTCH2",0,0,0
"Signaling by NOTCH3",0,0,0
"Signaling by NOTCH4",1,1,1
"Signaling by NTRK1 (TRKA)",1,1,1
"Signaling by NTRK3 (TRKC)",0,1,0
"Signaling by NTRKs",1,1,1
"Signaling by Non-Receptor Tyrosine Kinases",1,0,0
"Signaling by Nuclear Receptors",0,1,1
"Signaling by PDGF",1,1,1
"Signaling by PDGFR in disease",0,1,0
"Signaling by PTK6",1,0,0
"Signaling by RAF1 mutants",0,0,1
"Signaling by RAS mutants",0,0,0
"Signaling by ROBO receptors",1,1,1
"Signaling by Receptor Tyrosine Kinases",1,1,1
"Signaling by Retinoic Acid",0,0,1
"Signaling by Rho GTPases",1,1,1
"Signaling by Rho GTPases, Miro GTPases and RHOBTB3",1,1,1
"Signaling by SCF-KIT",1,1,1
"Signaling by TGF-beta Receptor Complex",0,0,0
"Signaling by TGFB family members",0,0,0
"Signaling by Type 1 Insulin-like Growth Factor 1 Receptor (IGF1R)",0,1,0
"Signaling by VEGF",1,1,1
"Signaling by WNT",1,1,1
"Signaling by WNT in cancer",1,1,1
"Signaling by cytosolic FGFR1 fusion mutants",1,1,1
"Signaling by high-kinase activity BRAF mutants",0,0,0
"Signaling by moderate kinase activity BRAF mutants",0,0,0
"Signaling by phosphorylated juxtamembrane, extracellular and kinase domain KIT mutants",0,0,0
"Signaling by the B Cell Receptor (BCR)",1,1,1
"Signaling downstream of RAS mutants",0,0,0
"Signalling to ERKs",1,1,1
"Signalling to RAS",0,1,1
"Smooth Muscle Contraction",0,0,0
"Sphingolipid de novo biosynthesis",0,1,0
"Sphingolipid metabolism",0,0,0
"Spry regulation of FGF signaling",1,0,0
"Stabilization of p53",1,1,1
"Stimuli-sensing channels",1,1,1
"Sulfur amino acid metabolism",1,1,1
"Suppression of phagosomal maturation",0,1,0
"Surfactant metabolism",0,0,0
"Switching of origins to a post-replicative state",1,1,1
"Syndecan interactions",1,1,1
"Synthesis And Processing Of GAG, GAGPOL Polyproteins",0,0,0
"Synthesis of DNA",1,1,1
"Synthesis of IP3 and IP4 in the cytosol",1,1,1
"Synthesis of PA",0,0,0
"Synthesis of PC",0,0,0
"Synthesis of PIPs at the Golgi membrane",0,0,0
"Synthesis of PIPs at the early endosome membrane",0,0,0
"Synthesis of PIPs at the plasma membrane",1,1,0
"Synthesis of Prostaglandins (PG) and Thromboxanes (TX)",0,0,0
"Synthesis of active ubiquitin: roles of E1 and E2 enzymes",0,0,1
"Synthesis of bile acids and bile salts",0,0,0
"Synthesis of bile acids and bile salts via 7alpha-hydroxycholesterol",1,1,1
"Synthesis of glycosylphosphatidylinositol (GPI)",1,0,1
"Synthesis of substrates in N-glycan biosythesis",0,0,0
"Synthesis, secretion, and inactivation of Glucagon-like Peptide-1 (GLP-1)",0,0,0
"TAK1-dependent IKK and NF-kappa-B activation  ",0,0,0
"TBC/RABGAPs",0,0,0
"TCF dependent signaling in response to WNT",1,1,1
"TCR signaling",1,1,1
"TGF-beta receptor signaling activates SMADs",0,0,0
"TICAM1, RIP1-mediated IKK complex recruitment",1,1,0
"TICAM1-dependent activation of IRF3/IRF7",0,1,1
"TNF signaling",0,1,0
"TNFR1-induced NF-kappa-B signaling pathway",0,0,0
"TNFR1-induced proapoptotic signaling",0,0,1
"TNFR2 non-canonical NF-kB pathway",1,1,1
"TNFs bind their physiological receptors",1,1,1
"TP53 Regulates Metabolic Genes",1,1,1
"TP53 Regulates Transcription of Cell Cycle Genes",1,1,1
"TP53 Regulates Transcription of Cell Death Genes",0,0,0
"TP53 Regulates Transcription of DNA Repair Genes",1,1,1
"TP53 Regulates Transcription of Genes Involved in Cytochrome C Release",0,0,0
"TP53 Regulates Transcription of Genes Involved in G1 Cell Cycle Arrest",1,0,0
"TP53 Regulates Transcription of Genes Involved in G2 Cell Cycle Arrest",0,0,0
"TP53 regulates transcription of additional cell cycle genes whose exact role in the p53 pathway remain uncertain",0,1,0
"TRAF3-dependent IRF activation pathway",0,0,0
"TRAF6 mediated IRF7 activation",0,0,0
"TRAF6 mediated IRF7 activation in TLR7/8 or 9 signaling",1,1,0
"TRAF6 mediated NF-kB activation",0,0,0
"TRAF6 mediated induction of NFkB and MAP kinases upon TLR7/8 or 9 activation",1,1,0
"TRAF6-mediated induction of TAK1 complex within TLR4 complex",0,0,0
"TRIF(TICAM1)-mediated TLR4 signaling ",0,1,1
"TRP channels",0,0,1
"Tat-mediated HIV elongation arrest and recovery",0,0,0
"Tat-mediated elongation of the HIV-1 transcript",0,1,1
"Telomere C-strand (Lagging Strand) Synthesis",1,1,1
"Telomere C-strand synthesis initiation",1,1,1
"Telomere Extension By Telomerase",1,1,1
"Telomere Maintenance",1,1,1
"Termination of translesion DNA synthesis",1,1,1
"The NLRP3 inflammasome",0,0,0
"The citric acid (TCA) cycle and respiratory electron transport",1,1,1
"The role of GTSE1 in G2/M progression after G2 checkpoint",1,1,1
"The role of Nef in HIV-1 replication and disease pathogenesis",0,1,0
"Thrombin signalling through proteinase activated receptors (PARs)",0,0,0
"Thromboxane signalling through TP receptor",0,0,0
"Tie2 Signaling",0,0,1
"Tight junction interactions",1,0,0
"Toll Like Receptor 10 (TLR10) Cascade",1,1,0
"Toll Like Receptor 2 (TLR2) Cascade",1,1,1
"Toll Like Receptor 3 (TLR3) Cascade",1,1,1
"Toll Like Receptor 4 (TLR4) Cascade",1,1,1
"Toll Like Receptor 5 (TLR5) Cascade",1,1,0
"Toll Like Receptor 7/8 (TLR7/8) Cascade",0,1,0
"Toll Like Receptor 9 (TLR9) Cascade",0,1,0
"Toll Like Receptor TLR1:TLR2 Cascade",1,1,1
"Toll Like Receptor TLR6:TLR2 Cascade",1,1,1
"Toll-like Receptor Cascades",1,1,1
"Trafficking of AMPA receptors",0,0,0
"Transcription of E2F targets under negative control by DREAM complex",1,0,0
"Transcription of E2F targets under negative control by p107 (RBL1) and p130 (RBL2) in complex with HDAC1",1,0,0
"Transcription of the HIV genome",1,1,1
"Transcription-Coupled Nucleotide Excision Repair (TC-NER)",1,1,1
"Transcriptional Regulation by E2F6",1,0,0
"Transcriptional Regulation by MECP2",0,0,0
"Transcriptional Regulation by NPAS4",0,1,1
"Transcriptional Regulation by TP53",1,1,1
"Transcriptional Regulation by VENTX",0,1,1
"Transcriptional activation of mitochondrial biogenesis",1,0,0
"Transcriptional activity of SMAD2/SMAD3:SMAD4 heterotrimer",0,0,0
"Transcriptional regulation by RUNX1",1,1,1
"Transcriptional regulation by RUNX2",1,1,1
"Transcriptional regulation by RUNX3",1,1,1
"Transcriptional regulation by small RNAs",1,1,1
"Transcriptional regulation by the AP-2 (TFAP2) family of transcription factors",0,0,0
"Transcriptional regulation of granulopoiesis",0,1,0
"Transcriptional regulation of white adipocyte differentiation",0,1,0
"Transferrin endocytosis and recycling",0,0,0
"Translation",1,1,1
"Translation initiation complex formation",1,1,1
"Translation of Replicase and Assembly of the Replication Transcription Complex",0,0,0
"Translation of Structural Proteins",1,0,0
"Translesion Synthesis by POLH",1,1,1
"Translesion synthesis by POLI",1,1,1
"Translesion synthesis by POLK",1,1,1
"Translesion synthesis by REV1",1,1,1
"Translesion synthesis by Y family DNA polymerases bypasses lesions on DNA template",1,1,1
"Translocation of SLC2A4 (GLUT4) to the plasma membrane",0,0,1
"Transmission across Chemical Synapses",0,0,0
"Transport of Mature Transcript to Cytoplasm",1,1,1
"Transport of Mature mRNA Derived from an Intronless Transcript",1,1,1
"Transport of Mature mRNA derived from an Intron-Containing Transcript",1,1,1
"Transport of Mature mRNAs Derived from Intronless Transcripts",1,1,1
"Transport of Ribonucleoproteins into the Host Nucleus",1,1,1
"Transport of bile salts and organic acids, metal ions and amine compounds",0,1,1
"Transport of inorganic cations/anions and amino acids/oligopeptides",0,1,1
"Transport of small molecules",1,1,1
"Transport of the SLBP Dependant Mature mRNA",1,1,1
"Transport of the SLBP independent Mature mRNA",1,1,1
"Transport of vitamins, nucleosides, and related molecules",1,1,1
"Transport to the Golgi and subsequent modification",1,1,1
"Triglyceride catabolism",0,0,0
"Triglyceride metabolism",1,1,1
"Tristetraprolin (TTP, ZFP36) binds and destabilizes mRNA",1,0,0
"Truncations of AMER1 destabilize the destruction complex",1,1,0
"UCH proteinases",1,1,1
"Ub-specific processing proteases",1,1,1
"Ubiquitin Mediated Degradation of Phosphorylated Cdc25A",1,1,1
"Ubiquitin-dependent degradation of Cyclin D",1,1,1
"Unfolded Protein Response (UPR)",1,1,1
"Unwinding of DNA",1,1,1
"Uptake and actions of bacterial toxins",0,1,1
"VEGFA-VEGFR2 Pathway",1,1,1
"VEGFR2 mediated cell proliferation",0,1,1
"VEGFR2 mediated vascular permeability",0,0,0
"VLDLR internalisation and degradation",0,0,0
"Vasopressin regulates renal water homeostasis via Aquaporins",0,0,0
"Vesicle-mediated transport",1,1,1
"Vif-mediated degradation of APOBEC3G",1,1,1
"Viral Infection Pathways",1,1,1
"Viral Messenger RNA Synthesis",1,1,1
"Viral mRNA Translation",1,1,1
"Visual phototransduction",0,0,1
"Vitamin B5 (pantothenate) metabolism",0,0,0
"Vpr-mediated nuclear import of PICs",1,1,1
"Vpu mediated degradation of CD4",1,1,1
"VxPx cargo-targeting to cilium",0,0,0
"WNT5:FZD7-mediated leishmania damping",0,0,0
"WNT5A-dependent internalization of FZD4",0,0,0
"XBP1(S) activates chaperone genes",1,1,1
"ZBP1(DAI) mediated induction of type I IFNs",0,1,1
"activated TAK1 mediates p38 MAPK activation",0,0,0
"mRNA 3'-end processing",1,1,1
"mRNA Capping",0,0,1
"mRNA Splicing",1,1,1
"mRNA Splicing - Major Pathway",1,1,1
"mRNA Splicing - Minor Pathway",0,1,1
"mRNA decay by 3' to 5' exoribonuclease",1,1,1
"mRNA decay by 5' to 3' exoribonuclease",0,0,0
"mTORC1-mediated signalling",0,0,0
"p53-Dependent G1 DNA Damage Response",1,1,1
"p53-Dependent G1/S DNA damage checkpoint",1,1,1
"p53-Independent DNA Damage Response",1,1,1
"p53-Independent G1/S DNA damage checkpoint",1,1,1
"p75 NTR receptor-mediated signalling",0,0,0
"p75NTR recruits signalling complexes",0,1,0
"p75NTR signals via NF-kB",0,1,1
"rRNA modification in the nucleus and cytosol",1,1,1
"rRNA processing",1,1,1
"rRNA processing in the nucleus and cytosol",1,1,1
"snRNP Assembly",1,1,1
"tRNA Aminoacylation",1,0,0
"tRNA modification in the nucleus and cytosol",1,1,1
"tRNA processing",1,1,1
"tRNA processing in the nucleus",1,1,1
"trans-Golgi Network Vesicle Budding",0,0,0
